{
    "Enemy": {
        "baseHealth": 100,
        "baseSpeed": 50.0
    },
    "Physics": {
        "gravity": 9.800000190734863,
        "terminalVelocity": 1500.0
    },
    "Player": {
        "jumpVelocity": 600.0,
        "maxHealth": 100.0,
        "moveSpeed": 474.1000061035156
    }
}